{"menu":"{\"item-1019\":{\"sub\":{\"rows\":[[{\"item\":1032,\"width\":12}]]}},\"item-944\":{\"sub\":{\"rows\":[[{\"position\":\"2\",\"width\":\"3\"},{\"item\":994,\"width\":\"2\"},{\"item\":995,\"width\":\"2\"},{\"position\":\"1\",\"width\":\"5\"}],[{\"position\":\"3\"}]]},\"alignsub\":\"justify\"},\"item-994\":{\"sub\":{\"rows\":[[{\"item\":996,\"width\":12}]]},\"group\":1},\"item-995\":{\"sub\":{\"rows\":[[{\"item\":999,\"width\":12}]]},\"group\":1},\"item-1015\":{\"sub\":{\"rows\":[[{\"item\":1002,\"width\":\"2\"},{\"item\":1006,\"width\":\"2\"},{\"position\":\"4\",\"width\":\"8\"}]]},\"alignsub\":\"justify\"},\"item-1002\":{\"sub\":{\"rows\":[[{\"item\":1016,\"width\":12}]]},\"group\":1},\"item-1006\":{\"sub\":{\"rows\":[[{\"item\":1022,\"width\":12}]]},\"group\":1},\"item-1020\":{\"sub\":{\"rows\":[[{\"item\":1028,\"width\":12}]]}}}","widgets":[{"id":"1","name":"Video","type":"video","params":"a:2:{s:4:\"link\";s:25:\"http:\/\/vimeo.com\/76175542\";s:5:\"class\";s:0:\"\";}"},{"id":"2","name":"Text Content","type":"content","params":"a:2:{s:7:\"content\";s:272:\"Lorem ipsum dolor sit amet, consectetuer adipiscing elit, sed diam nonummy nibh euismod tincidunt ut laoreet dolore magna aliquam erat volutpat. Ut wisi enim ad minim veniam, quis nostrud exerci tation ullamcorper suscipit lobortis nisl ut aliquip ex ea commodo consequat.\";s:5:\"class\";s:0:\"\";}"},{"id":"3","name":"Google Map","type":"gmap","params":"a:4:{s:8:\"location\";s:29:\"40.7127837,-74.00594130000002\";s:6:\"height\";s:3:\"250\";s:4:\"type\";s:7:\"ROADMAP\";s:4:\"zoom\";s:2:\"14\";}"},{"id":"4","name":"Featured Product","type":"products","params":"a:4:{s:4:\"type\";s:16:\"featured_product\";s:6:\"layout\";s:4:\"grid\";s:13:\"columns_count\";s:1:\"3\";s:6:\"number\";s:1:\"3\";}"}]}