[{"wp_inactive_widgets":["archives-2","meta-2","search-2","categories-2","recent-posts-2","recent-comments-2"],"sidebar-left":["woocommerce_product_search-2","woocommerce_price_filter-2","woocommerce_product_categories-2","woocommerce_products-2","woocommerce_product_tag_cloud-2"],"sidebar-right":["pgl_tabs_widget-2","pgl_flickr_widget-2","recent-comments-3"],"footer-1":["text-2"],"footer-2":["nav_menu-2"],"footer-3":["woocommerce_product_tag_cloud-3"],"footer-4":["pgl_recent_post_widget-2"]},{"woocommerce_product_search":{"2":{"title":"Search Products"},"_multiwidget":null},"woocommerce_price_filter":{"2":{"title":"Filter by price"},"_multiwidget":null},"woocommerce_product_categories":{"2":{"title":"Product Categories","orderby":"name","dropdown":0,"count":0,"hierarchical":"1","show_children_only":0},"_multiwidget":null},"woocommerce_products":{"2":{"title":"Featured Products","number":"5","show":"featured","orderby":"date","order":"desc","hide_free":0,"show_hidden":0},"_multiwidget":null},"woocommerce_product_tag_cloud":{"2":{"title":"Product Tags"},"_multiwidget":null,"3":{"title":"Tags Cloud"}},"pgl_tabs_widget":{"2":{"posts":"3","comments":"3","tags":"3","show_popular_posts":null,"show_recent_posts":"on","show_comments":"on","layout":"default"},"_multiwidget":null},"pgl_flickr_widget":{"2":{"title":"Photos from Flickr","flickr_id":"52617155@N08","number":"9"},"_multiwidget":null},"recent-comments":{"3":{"title":"","number":5},"2":{"title":"","number":5},"_multiwidget":1},"text":{"2":{"title":"About","text":"<address>\r\n<p>Nunc quam leo, tincidunt at lacinia eu, lacinia et nulla. Vestibulum accumsan velit quis aliquam vehicula.<\/p>\r\n<ul class=\"list-square\">\r\n<li>120 South Avenue San Francisco<\/li>\r\n<li>Phone: +78 121 455 559<\/li>\r\n<li>Email: info@bromic.com<\/li>\r\n<\/ul>\r\n[pgl_social]\r\n<\/address>","filter":false},"_multiwidget":null},"nav_menu":{"2":{"title":"Imformation","nav_menu":34},"_multiwidget":1},"pgl_recent_post_widget":{"2":{"posts":"3","title":"Recent Post"},"_multiwidget":null},"archives":{"2":{"title":"","count":0,"dropdown":0},"_multiwidget":1},"meta":{"2":{"title":""},"_multiwidget":1},"search":{"2":{"title":""},"_multiwidget":1},"categories":{"2":{"title":"","count":0,"hierarchical":0,"dropdown":0},"_multiwidget":1},"recent-posts":{"2":{"title":"","number":5},"_multiwidget":1}}]