{"last_tab":"12","logo":{"url":"http:\/\/doosthemes.com\/bromic\/wp-content\/uploads\/2014\/10\/logo.png","id":"10","height":"27","width":"42","thumbnail":"http:\/\/doosthemes.com\/bromic\/wp-content\/uploads\/2014\/10\/logo.png"},"favicon":{"url":"","id":"","height":"","width":"","thumbnail":""},"logo_retina":{"url":"","id":"","height":"","width":"","thumbnail":""},"apple_icon":{"url":"","id":"","height":"","width":"","thumbnail":""},"apple_icon_57":{"url":"","id":"","height":"","width":"","thumbnail":""},"apple_icon_72":{"url":"","id":"","height":"","width":"","thumbnail":""},"apple_icon_114":{"url":"","id":"","height":"","width":"","thumbnail":""},"apple_icon_144":{"url":"","id":"","height":"","width":"","thumbnail":""},"404_text":"This is Photoshop's version of Lorem Ipsum. Proin gravida nibh vel velit auctor aliquet. Aenean sollicitudin, lorem quis bibendum auctor, nisi elit consequat ipsum,","is-effect-scroll":"1","is-back-to-top":"1","fa-facebook":"","fa-twitter":"","fa-linkedin":"","fa-tumblr":"","fa-google-plus":"","fa-pinterest":"","fa-instagram":"","social_order":{"enabled":{"placebo":"placebo","fa-tumblr":"Tumblr","fa-twitter":"Twitter","fa-facebook":"Facebook","fa-google-plus":"Google +","fa-pinterest":"Pinterest","fa-instagram":"Instagram"},"disabled":{"placebo":"placebo","fa-linkedin":"LinkedIn"}},"style_layout":"wide","style_body_background":{"background-color":"#ddd","background-repeat":"","background-size":"","background-attachment":"","background-position":"","background-image":"","media":{"id":"","height":"","width":"","thumbnail":""}},"style_main_color":"#9c545b","style_main_custom":"#FFFFFF","custom-css":"                                            ","custom-js":"                                            ","font-main":{"font-family":"","font-options":"","google":"1","font-weight":"","font-style":"","subsets":"","font-size":"18px"},"breadcrumb_height":{"height":"230px","units":"px"},"breadcrumb_background":{"background-color":"","background-repeat":"","background-size":"cover","background-attachment":"","background-position":"","background-image":"http:\/\/doosthemes.com\/bromic\/wp-content\/uploads\/2014\/11\/breadcrumb-shop.jpg","media":{"id":"984","height":"300","width":"1920","thumbnail":"http:\/\/doosthemes.com\/bromic\/wp-content\/uploads\/2014\/11\/breadcrumb-shop-150x150.jpg"}},"breadcrumb_post_background":{"background-color":"","background-repeat":"","background-size":"cover","background-attachment":"","background-position":"","background-image":"http:\/\/doosthemes.com\/bromic\/wp-content\/uploads\/2014\/10\/breadcrumb-blog.jpg","media":{"id":"985","height":"300","width":"1920","thumbnail":"http:\/\/doosthemes.com\/bromic\/wp-content\/uploads\/2014\/10\/breadcrumb-blog-150x150.jpg"}},"header":"1","header_topbar_menu":"","header_topbartext":"We introduce the professional website with trendy design.","header_phone_number":"+1234 567 89","header-is-switch-language":"1","header-is-cart":"1","header-is-login":"1","header-is-search":"1","copyright_text":"<div class=\"row\">\r\n<div class=\"col-sm-6\"><a href=\"http:\/\/doosthemes.com\/bromic\/wp-content\/uploads\/2014\/10\/payment.png\"><img class=\"alignnone size-medium wp-image-52\" src=\"http:\/\/doosthemes.com\/bromic\/wp-content\/uploads\/2014\/10\/payment.png\" alt=\"payment\" width=\"300\" height=\"28\" \/><\/a><\/div>\r\n<div class=\"col-sm-6\">\r\n<p style=\"text-align: right;\">Created by <a href=\"#\">Bromic team<\/a>. All right reserved<\/p>\r\n\r\n<\/div>\r\n<\/div>","blog-layout":"2","blog-left-sidebar":"sidebar-right","blog-right-sidebar":"sidebar-right","is-seo":"1","seo-keywords":"","seo-description":"","woo-shop-number":"9","woo-shop-column":"3","woo-related-number":"3","woo-related-column":"3","woo-upsells-number":"3","woo-upsells-column":"3","woo-cross-sells-number":"3","woo-cross-sells-column":"3","woo-shop-layout":"2","woo-shop-sidebar":"sidebar-left","woo-single-layout":"2","woo-single-sidebar":"sidebar-left","woo-is-quickview":"1","woo-is-effect-thumbnail":"1","woo-is-effect-add-cart":"1","megamenu-menu":"6","megamenu-animation":"bottom-to-top","megamenu-duration":"400","is-footer-custom":false,"footer":"","opt-import-export":"","redux-backup":"1"}